[{"model": "admin.logentry", "pk": 1, "fields": {"action_time": "2024-10-11T04:06:11.826Z", "user": 2, "content_type": 10, "object_id": "5", "object_repr": "Order object (5)", "action_flag": 2, "change_message": "[{\"changed\": {\"fields\": [\"Order date\"]}}]"}}, {"model": "admin.logentry", "pk": 2, "fields": {"action_time": "2024-10-11T04:06:23.030Z", "user": 2, "content_type": 10, "object_id": "6", "object_repr": "Order object (6)", "action_flag": 2, "change_message": "[{\"changed\": {\"fields\": [\"Customer\"]}}]"}}, {"model": "admin.logentry", "pk": 3, "fields": {"action_time": "2024-10-11T04:06:31.607Z", "user": 2, "content_type": 10, "object_id": "9", "object_repr": "Order object (9)", "action_flag": 2, "change_message": "[{\"changed\": {\"fields\": [\"Customer\"]}}]"}}, {"model": "admin.logentry", "pk": 4, "fields": {"action_time": "2024-10-11T04:06:44.341Z", "user": 2, "content_type": 10, "object_id": "5", "object_repr": "Order object (5)", "action_flag": 2, "change_message": "[{\"changed\": {\"fields\": [\"Customer\"]}}]"}}, {"model": "admin.logentry", "pk": 5, "fields": {"action_time": "2024-10-11T04:39:41.013Z", "user": 2, "content_type": 13, "object_id": "7", "object_repr": "Inventory object (7)", "action_flag": 2, "change_message": "[{\"changed\": {\"fields\": [\"Quantity\"]}}]"}}, {"model": "admin.logentry", "pk": 6, "fields": {"action_time": "2024-10-11T04:40:01.658Z", "user": 2, "content_type": 13, "object_id": "2", "object_repr": "Inventory object (2)", "action_flag": 2, "change_message": "[{\"changed\": {\"fields\": [\"Quantity\"]}}]"}}, {"model": "admin.logentry", "pk": 7, "fields": {"action_time": "2024-10-11T04:55:03.402Z", "user": 2, "content_type": 10, "object_id": "6", "object_repr": "Order object (6)", "action_flag": 2, "change_message": "[{\"changed\": {\"fields\": [\"Order date\"]}}]"}}, {"model": "admin.logentry", "pk": 8, "fields": {"action_time": "2024-10-11T04:55:18.406Z", "user": 2, "content_type": 10, "object_id": "2", "object_repr": "Order object (2)", "action_flag": 2, "change_message": "[{\"changed\": {\"fields\": [\"Order date\"]}}]"}}, {"model": "admin.logentry", "pk": 9, "fields": {"action_time": "2024-10-11T04:55:44.615Z", "user": 2, "content_type": 10, "object_id": "3", "object_repr": "Order object (3)", "action_flag": 2, "change_message": "[{\"changed\": {\"fields\": [\"Order date\"]}}]"}}, {"model": "admin.logentry", "pk": 10, "fields": {"action_time": "2024-10-11T04:56:04.971Z", "user": 2, "content_type": 10, "object_id": "1", "object_repr": "Order object (1)", "action_flag": 2, "change_message": "[{\"changed\": {\"fields\": [\"Order date\"]}}]"}}, {"model": "auth.permission", "pk": 1, "fields": {"name": "Can add log entry", "content_type": 1, "codename": "add_logentry"}}, {"model": "auth.permission", "pk": 2, "fields": {"name": "Can change log entry", "content_type": 1, "codename": "change_logentry"}}, {"model": "auth.permission", "pk": 3, "fields": {"name": "Can delete log entry", "content_type": 1, "codename": "delete_logentry"}}, {"model": "auth.permission", "pk": 4, "fields": {"name": "Can view log entry", "content_type": 1, "codename": "view_logentry"}}, {"model": "auth.permission", "pk": 5, "fields": {"name": "Can add permission", "content_type": 2, "codename": "add_permission"}}, {"model": "auth.permission", "pk": 6, "fields": {"name": "Can change permission", "content_type": 2, "codename": "change_permission"}}, {"model": "auth.permission", "pk": 7, "fields": {"name": "Can delete permission", "content_type": 2, "codename": "delete_permission"}}, {"model": "auth.permission", "pk": 8, "fields": {"name": "Can view permission", "content_type": 2, "codename": "view_permission"}}, {"model": "auth.permission", "pk": 9, "fields": {"name": "Can add group", "content_type": 3, "codename": "add_group"}}, {"model": "auth.permission", "pk": 10, "fields": {"name": "Can change group", "content_type": 3, "codename": "change_group"}}, {"model": "auth.permission", "pk": 11, "fields": {"name": "Can delete group", "content_type": 3, "codename": "delete_group"}}, {"model": "auth.permission", "pk": 12, "fields": {"name": "Can view group", "content_type": 3, "codename": "view_group"}}, {"model": "auth.permission", "pk": 13, "fields": {"name": "Can add user", "content_type": 4, "codename": "add_user"}}, {"model": "auth.permission", "pk": 14, "fields": {"name": "Can change user", "content_type": 4, "codename": "change_user"}}, {"model": "auth.permission", "pk": 15, "fields": {"name": "Can delete user", "content_type": 4, "codename": "delete_user"}}, {"model": "auth.permission", "pk": 16, "fields": {"name": "Can view user", "content_type": 4, "codename": "view_user"}}, {"model": "auth.permission", "pk": 17, "fields": {"name": "Can add content type", "content_type": 5, "codename": "add_contenttype"}}, {"model": "auth.permission", "pk": 18, "fields": {"name": "Can change content type", "content_type": 5, "codename": "change_contenttype"}}, {"model": "auth.permission", "pk": 19, "fields": {"name": "Can delete content type", "content_type": 5, "codename": "delete_contenttype"}}, {"model": "auth.permission", "pk": 20, "fields": {"name": "Can view content type", "content_type": 5, "codename": "view_contenttype"}}, {"model": "auth.permission", "pk": 21, "fields": {"name": "Can add session", "content_type": 6, "codename": "add_session"}}, {"model": "auth.permission", "pk": 22, "fields": {"name": "Can change session", "content_type": 6, "codename": "change_session"}}, {"model": "auth.permission", "pk": 23, "fields": {"name": "Can delete session", "content_type": 6, "codename": "delete_session"}}, {"model": "auth.permission", "pk": 24, "fields": {"name": "Can view session", "content_type": 6, "codename": "view_session"}}, {"model": "auth.permission", "pk": 25, "fields": {"name": "Can add category", "content_type": 7, "codename": "add_category"}}, {"model": "auth.permission", "pk": 26, "fields": {"name": "Can change category", "content_type": 7, "codename": "change_category"}}, {"model": "auth.permission", "pk": 27, "fields": {"name": "Can delete category", "content_type": 7, "codename": "delete_category"}}, {"model": "auth.permission", "pk": 28, "fields": {"name": "Can view category", "content_type": 7, "codename": "view_category"}}, {"model": "auth.permission", "pk": 29, "fields": {"name": "Can add customer", "content_type": 8, "codename": "add_customer"}}, {"model": "auth.permission", "pk": 30, "fields": {"name": "Can change customer", "content_type": 8, "codename": "change_customer"}}, {"model": "auth.permission", "pk": 31, "fields": {"name": "Can delete customer", "content_type": 8, "codename": "delete_customer"}}, {"model": "auth.permission", "pk": 32, "fields": {"name": "Can view customer", "content_type": 8, "codename": "view_customer"}}, {"model": "auth.permission", "pk": 33, "fields": {"name": "Can add tag", "content_type": 9, "codename": "add_tag"}}, {"model": "auth.permission", "pk": 34, "fields": {"name": "Can change tag", "content_type": 9, "codename": "change_tag"}}, {"model": "auth.permission", "pk": 35, "fields": {"name": "Can delete tag", "content_type": 9, "codename": "delete_tag"}}, {"model": "auth.permission", "pk": 36, "fields": {"name": "Can view tag", "content_type": 9, "codename": "view_tag"}}, {"model": "auth.permission", "pk": 37, "fields": {"name": "Can add order", "content_type": 10, "codename": "add_order"}}, {"model": "auth.permission", "pk": 38, "fields": {"name": "Can change order", "content_type": 10, "codename": "change_order"}}, {"model": "auth.permission", "pk": 39, "fields": {"name": "Can delete order", "content_type": 10, "codename": "delete_order"}}, {"model": "auth.permission", "pk": 40, "fields": {"name": "Can view order", "content_type": 10, "codename": "view_order"}}, {"model": "auth.permission", "pk": 41, "fields": {"name": "Can add product", "content_type": 11, "codename": "add_product"}}, {"model": "auth.permission", "pk": 42, "fields": {"name": "Can change product", "content_type": 11, "codename": "change_product"}}, {"model": "auth.permission", "pk": 43, "fields": {"name": "Can delete product", "content_type": 11, "codename": "delete_product"}}, {"model": "auth.permission", "pk": 44, "fields": {"name": "Can view product", "content_type": 11, "codename": "view_product"}}, {"model": "auth.permission", "pk": 45, "fields": {"name": "Can add order item", "content_type": 12, "codename": "add_orderitem"}}, {"model": "auth.permission", "pk": 46, "fields": {"name": "Can change order item", "content_type": 12, "codename": "change_orderitem"}}, {"model": "auth.permission", "pk": 47, "fields": {"name": "Can delete order item", "content_type": 12, "codename": "delete_orderitem"}}, {"model": "auth.permission", "pk": 48, "fields": {"name": "Can view order item", "content_type": 12, "codename": "view_orderitem"}}, {"model": "auth.permission", "pk": 49, "fields": {"name": "Can add inventory", "content_type": 13, "codename": "add_inventory"}}, {"model": "auth.permission", "pk": 50, "fields": {"name": "Can change inventory", "content_type": 13, "codename": "change_inventory"}}, {"model": "auth.permission", "pk": 51, "fields": {"name": "Can delete inventory", "content_type": 13, "codename": "delete_inventory"}}, {"model": "auth.permission", "pk": 52, "fields": {"name": "Can view inventory", "content_type": 13, "codename": "view_inventory"}}, {"model": "auth.permission", "pk": 53, "fields": {"name": "Can add Token", "content_type": 14, "codename": "add_token"}}, {"model": "auth.permission", "pk": 54, "fields": {"name": "Can change Token", "content_type": 14, "codename": "change_token"}}, {"model": "auth.permission", "pk": 55, "fields": {"name": "Can delete Token", "content_type": 14, "codename": "delete_token"}}, {"model": "auth.permission", "pk": 56, "fields": {"name": "Can view Token", "content_type": 14, "codename": "view_token"}}, {"model": "auth.permission", "pk": 57, "fields": {"name": "Can add Token", "content_type": 15, "codename": "add_tokenproxy"}}, {"model": "auth.permission", "pk": 58, "fields": {"name": "Can change Token", "content_type": 15, "codename": "change_tokenproxy"}}, {"model": "auth.permission", "pk": 59, "fields": {"name": "Can delete Token", "content_type": 15, "codename": "delete_tokenproxy"}}, {"model": "auth.permission", "pk": 60, "fields": {"name": "Can view Token", "content_type": 15, "codename": "view_tokenproxy"}}, {"model": "auth.user", "pk": 1, "fields": {"password": "pbkdf2_sha256$870000$bUgkqBwlLijY9oqqk3CTxf$bYA2Cpp10ECCFcZHiIMaTS2jyL8x9Ukm4ucYW6rwJnI=", "last_login": null, "is_superuser": false, "username": "newuser", "first_name": "", "last_name": "", "email": "l@gmail.com", "is_staff": false, "is_active": true, "date_joined": "2024-10-10T08:27:58.412Z", "groups": [], "user_permissions": []}}, {"model": "auth.user", "pk": 2, "fields": {"password": "pbkdf2_sha256$870000$0NoAQS9JNktYLlJzqeKEGR$WgIKpsDmqZuvAlfbapPsuu4MvkBpgABn5zRntf0COuw=", "last_login": "2024-10-11T04:05:05.448Z", "is_superuser": true, "username": "Liju", "first_name": "", "last_name": "", "email": "l@gmail.com", "is_staff": true, "is_active": true, "date_joined": "2024-10-11T04:04:29.731Z", "groups": [], "user_permissions": []}}, {"model": "contenttypes.contenttype", "pk": 1, "fields": {"app_label": "admin", "model": "logentry"}}, {"model": "contenttypes.contenttype", "pk": 2, "fields": {"app_label": "auth", "model": "permission"}}, {"model": "contenttypes.contenttype", "pk": 3, "fields": {"app_label": "auth", "model": "group"}}, {"model": "contenttypes.contenttype", "pk": 4, "fields": {"app_label": "auth", "model": "user"}}, {"model": "contenttypes.contenttype", "pk": 5, "fields": {"app_label": "contenttypes", "model": "contenttype"}}, {"model": "contenttypes.contenttype", "pk": 6, "fields": {"app_label": "sessions", "model": "session"}}, {"model": "contenttypes.contenttype", "pk": 7, "fields": {"app_label": "analytics", "model": "category"}}, {"model": "contenttypes.contenttype", "pk": 8, "fields": {"app_label": "analytics", "model": "customer"}}, {"model": "contenttypes.contenttype", "pk": 9, "fields": {"app_label": "analytics", "model": "tag"}}, {"model": "contenttypes.contenttype", "pk": 10, "fields": {"app_label": "analytics", "model": "order"}}, {"model": "contenttypes.contenttype", "pk": 11, "fields": {"app_label": "analytics", "model": "product"}}, {"model": "contenttypes.contenttype", "pk": 12, "fields": {"app_label": "analytics", "model": "orderitem"}}, {"model": "contenttypes.contenttype", "pk": 13, "fields": {"app_label": "analytics", "model": "inventory"}}, {"model": "contenttypes.contenttype", "pk": 14, "fields": {"app_label": "authtoken", "model": "token"}}, {"model": "contenttypes.contenttype", "pk": 15, "fields": {"app_label": "authtoken", "model": "tokenproxy"}}, {"model": "sessions.session", "pk": "6t4rbcsgowcg7qtdcpz9q6iikrjn89vd", "fields": {"session_data": ".eJxVjEEOwiAQRe_C2pAphRFduvcMZJgBqRpISrsy3l2bdKHb_977LxVoXUpYe5rDJOqsjDr8bpH4keoG5E711jS3usxT1Juid9r1tUl6Xnb376BQL986Ds7bBCjIDuQUPViTnZAnQwZGtjCiyQMxkWdns2QEQHscnZeI2ar3B9wSN70:1sz6tl:uU6Pvd8CzjBz5QVg9veL9uepbC1bS2fY3C735zwvz4A", "expire_date": "2024-10-25T04:05:05.451Z"}}, {"model": "analytics.category", "pk": 1, "fields": {"name": "Electronics", "created_at": "2024-10-10T08:27:26.525Z", "updated_at": "2024-10-10T08:27:26.525Z"}}, {"model": "analytics.category", "pk": 2, "fields": {"name": "Clothing", "created_at": "2024-10-10T08:27:26.528Z", "updated_at": "2024-10-10T08:27:26.528Z"}}, {"model": "analytics.category", "pk": 3, "fields": {"name": "Books", "created_at": "2024-10-10T08:27:26.530Z", "updated_at": "2024-10-10T08:27:26.530Z"}}, {"model": "analytics.category", "pk": 4, "fields": {"name": "Home Appliances", "created_at": "2024-10-10T08:32:19.273Z", "updated_at": "2024-10-10T08:32:19.273Z"}}, {"model": "analytics.category", "pk": 5, "fields": {"name": "Beauty", "created_at": "2024-10-10T08:32:19.275Z", "updated_at": "2024-10-10T08:32:19.275Z"}}, {"model": "analytics.category", "pk": 6, "fields": {"name": "Toys", "created_at": "2024-10-10T08:33:56.240Z", "updated_at": "2024-10-10T08:33:56.240Z"}}, {"model": "analytics.category", "pk": 7, "fields": {"name": "Fitness", "created_at": "2024-10-10T08:33:56.243Z", "updated_at": "2024-10-10T08:33:56.243Z"}}, {"model": "analytics.category", "pk": 8, "fields": {"name": "Pet Supplies", "created_at": "2024-10-10T08:34:21.444Z", "updated_at": "2024-10-10T08:34:21.444Z"}}, {"model": "analytics.category", "pk": 9, "fields": {"name": "Kitchen Appliances", "created_at": "2024-10-10T08:34:21.446Z", "updated_at": "2024-10-10T08:34:21.446Z"}}, {"model": "analytics.category", "pk": 10, "fields": {"name": "Office Supplies", "created_at": "2024-10-10T08:34:47.234Z", "updated_at": "2024-10-10T08:34:47.234Z"}}, {"model": "analytics.category", "pk": 11, "fields": {"name": "Sports", "created_at": "2024-10-10T08:34:47.236Z", "updated_at": "2024-10-10T08:34:47.236Z"}}, {"model": "analytics.product", "pk": 1, "fields": {"name": "Smartphone", "description": "Latest model smartphone with all the features.", "SKU": "SP123", "price": "699.99", "category": 1, "created_at": "2024-10-10T08:27:26.536Z", "updated_at": "2024-10-10T08:27:26.536Z", "tags": [1]}}, {"model": "analytics.product", "pk": 2, "fields": {"name": "T-Shirt", "description": "Comfortable cotton t-shirt.", "SKU": "TS456", "price": "19.99", "category": 2, "created_at": "2024-10-10T08:27:26.541Z", "updated_at": "2024-10-10T08:27:26.541Z", "tags": [2]}}, {"model": "analytics.product", "pk": 3, "fields": {"name": "Novel Book", "description": "Bestselling novel.", "SKU": "NB789", "price": "14.99", "category": 3, "created_at": "2024-10-10T08:27:26.545Z", "updated_at": "2024-10-10T08:27:26.545Z", "tags": []}}, {"model": "analytics.product", "pk": 4, "fields": {"name": "Washing Machine", "description": "Energy-efficient washing machine.", "SKU": "WM001", "price": "499.99", "category": 4, "created_at": "2024-10-10T08:32:19.282Z", "updated_at": "2024-10-10T08:32:19.282Z", "tags": [3]}}, {"model": "analytics.product", "pk": 5, "fields": {"name": "Moisturizer", "description": "Hydrating moisturizer for all skin types.", "SKU": "MO002", "price": "29.99", "category": 5, "created_at": "2024-10-10T08:32:19.286Z", "updated_at": "2024-10-10T08:32:19.286Z", "tags": [4]}}, {"model": "analytics.product", "pk": 6, "fields": {"name": "Action Figure", "description": "Popular action figure from the latest movie.", "SKU": "AF003", "price": "24.99", "category": 6, "created_at": "2024-10-10T08:33:56.249Z", "updated_at": "2024-10-10T08:33:56.249Z", "tags": [5]}}, {"model": "analytics.product", "pk": 7, "fields": {"name": "Yoga Mat", "description": "Eco-friendly yoga mat for all fitness levels.", "SKU": "YM004", "price": "39.99", "category": 7, "created_at": "2024-10-10T08:33:56.253Z", "updated_at": "2024-10-10T08:33:56.253Z", "tags": [6]}}, {"model": "analytics.product", "pk": 8, "fields": {"name": "Dog Food", "description": "Premium dog food for healthy pets.", "SKU": "DF005", "price": "49.99", "category": 8, "created_at": "2024-10-10T08:34:21.452Z", "updated_at": "2024-10-10T08:34:21.452Z", "tags": [7]}}, {"model": "analytics.product", "pk": 9, "fields": {"name": "Blender", "description": "High-performance blender for smoothies and soups.", "SKU": "BL006", "price": "89.99", "category": 9, "created_at": "2024-10-10T08:34:21.456Z", "updated_at": "2024-10-10T08:34:21.456Z", "tags": [8]}}, {"model": "analytics.product", "pk": 10, "fields": {"name": "Notebook", "description": "Spiral-bound notebook for notes and sketches.", "SKU": "NB007", "price": "12.99", "category": 10, "created_at": "2024-10-10T08:34:47.242Z", "updated_at": "2024-10-10T08:34:47.242Z", "tags": [9]}}, {"model": "analytics.product", "pk": 11, "fields": {"name": "Soccer Ball", "description": "Official size soccer ball for practice and games.", "SKU": "SB008", "price": "29.99", "category": 11, "created_at": "2024-10-10T08:34:47.246Z", "updated_at": "2024-10-10T08:34:47.246Z", "tags": [10]}}, {"model": "analytics.customer", "pk": 1, "fields": {"name": "John Doe", "email": "john@example.com", "country": "US", "registration_date": "2024-10-10", "created_at": "2024-10-10T08:27:26.552Z", "updated_at": "2024-10-10T08:27:26.552Z"}}, {"model": "analytics.customer", "pk": 2, "fields": {"name": "Jane Smith", "email": "jane@example.com", "country": "UK", "registration_date": "2024-10-10", "created_at": "2024-10-10T08:27:26.554Z", "updated_at": "2024-10-10T08:27:26.554Z"}}, {"model": "analytics.customer", "pk": 3, "fields": {"name": "Alice Johnson", "email": "alice@example.com", "country": "US", "registration_date": "2024-10-10", "created_at": "2024-10-10T08:32:19.294Z", "updated_at": "2024-10-10T08:32:19.294Z"}}, {"model": "analytics.customer", "pk": 4, "fields": {"name": "Bob Brown", "email": "bob@example.com", "country": "UK", "registration_date": "2024-10-10", "created_at": "2024-10-10T08:32:19.296Z", "updated_at": "2024-10-10T08:32:19.296Z"}}, {"model": "analytics.customer", "pk": 5, "fields": {"name": "Charlie Green", "email": "charlie@example.com", "country": "US", "registration_date": "2024-10-10", "created_at": "2024-10-10T08:33:56.261Z", "updated_at": "2024-10-10T08:33:56.261Z"}}, {"model": "analytics.customer", "pk": 6, "fields": {"name": "Diana White", "email": "diana@example.com", "country": "UK", "registration_date": "2024-10-10", "created_at": "2024-10-10T08:33:56.263Z", "updated_at": "2024-10-10T08:33:56.263Z"}}, {"model": "analytics.customer", "pk": 7, "fields": {"name": "Evelyn Black", "email": "evelyn@example.com", "country": "CA", "registration_date": "2024-10-10", "created_at": "2024-10-10T08:34:21.464Z", "updated_at": "2024-10-10T08:34:21.464Z"}}, {"model": "analytics.customer", "pk": 8, "fields": {"name": "Frank Johnson", "email": "frank@example.com", "country": "AU", "registration_date": "2024-10-10", "created_at": "2024-10-10T08:34:21.466Z", "updated_at": "2024-10-10T08:34:21.466Z"}}, {"model": "analytics.customer", "pk": 9, "fields": {"name": "Grace Lee", "email": "grace@example.com", "country": "US", "registration_date": "2024-10-10", "created_at": "2024-10-10T08:34:47.253Z", "updated_at": "2024-10-10T08:34:47.253Z"}}, {"model": "analytics.customer", "pk": 10, "fields": {"name": "Henry King", "email": "henry@example.com", "country": "CA", "registration_date": "2024-10-10", "created_at": "2024-10-10T08:34:47.255Z", "updated_at": "2024-10-10T08:34:47.255Z"}}, {"model": "analytics.order", "pk": 1, "fields": {"customer": 1, "order_date": "2020-01-30", "status": "C", "total_amount": "719.98", "created_at": "2024-10-10T08:27:26.556Z", "updated_at": "2024-10-11T04:56:04.971Z"}}, {"model": "analytics.order", "pk": 2, "fields": {"customer": 2, "order_date": "2023-10-05", "status": "C", "total_amount": "34.98", "created_at": "2024-10-10T08:27:26.558Z", "updated_at": "2024-10-11T04:55:18.406Z"}}, {"model": "analytics.order", "pk": 3, "fields": {"customer": 3, "order_date": "2023-02-21", "status": "C", "total_amount": "529.98", "created_at": "2024-10-10T08:32:19.297Z", "updated_at": "2024-10-11T04:55:44.615Z"}}, {"model": "analytics.order", "pk": 4, "fields": {"customer": 4, "order_date": "2024-10-10", "status": "C", "total_amount": "59.98", "created_at": "2024-10-10T08:32:19.299Z", "updated_at": "2024-10-10T08:32:19.299Z"}}, {"model": "analytics.order", "pk": 5, "fields": {"customer": 1, "order_date": "2024-10-01", "status": "C", "total_amount": "64.98", "created_at": "2024-10-10T08:33:56.265Z", "updated_at": "2024-10-11T04:06:44.340Z"}}, {"model": "analytics.order", "pk": 6, "fields": {"customer": 3, "order_date": "2023-10-10", "status": "C", "total_amount": "39.99", "created_at": "2024-10-10T08:33:56.267Z", "updated_at": "2024-10-11T04:55:03.401Z"}}, {"model": "analytics.order", "pk": 7, "fields": {"customer": 7, "order_date": "2024-10-10", "status": "C", "total_amount": "139.98", "created_at": "2024-10-10T08:34:21.468Z", "updated_at": "2024-10-10T08:34:21.468Z"}}, {"model": "analytics.order", "pk": 8, "fields": {"customer": 8, "order_date": "2024-10-10", "status": "C", "total_amount": "89.99", "created_at": "2024-10-10T08:34:21.470Z", "updated_at": "2024-10-10T08:34:21.470Z"}}, {"model": "analytics.order", "pk": 9, "fields": {"customer": 1, "order_date": "2024-10-10", "status": "C", "total_amount": "42.98", "created_at": "2024-10-10T08:34:47.257Z", "updated_at": "2024-10-11T04:06:31.605Z"}}, {"model": "analytics.order", "pk": 10, "fields": {"customer": 10, "order_date": "2024-10-10", "status": "C", "total_amount": "29.99", "created_at": "2024-10-10T08:34:47.259Z", "updated_at": "2024-10-10T08:34:47.259Z"}}, {"model": "analytics.orderitem", "pk": 1, "fields": {"order": 1, "product": 1, "quantity": 1, "price_at_time_of_order": "699.99", "created_at": "2024-10-10T08:27:26.560Z", "updated_at": "2024-10-10T08:27:26.560Z"}}, {"model": "analytics.orderitem", "pk": 2, "fields": {"order": 1, "product": 2, "quantity": 1, "price_at_time_of_order": "19.99", "created_at": "2024-10-10T08:27:26.564Z", "updated_at": "2024-10-10T08:27:26.564Z"}}, {"model": "analytics.orderitem", "pk": 3, "fields": {"order": 2, "product": 3, "quantity": 2, "price_at_time_of_order": "14.99", "created_at": "2024-10-10T08:27:26.567Z", "updated_at": "2024-10-10T08:27:26.567Z"}}, {"model": "analytics.orderitem", "pk": 4, "fields": {"order": 3, "product": 4, "quantity": 1, "price_at_time_of_order": "499.99", "created_at": "2024-10-10T08:32:19.301Z", "updated_at": "2024-10-10T08:32:19.301Z"}}, {"model": "analytics.orderitem", "pk": 5, "fields": {"order": 3, "product": 5, "quantity": 1, "price_at_time_of_order": "29.99", "created_at": "2024-10-10T08:32:19.305Z", "updated_at": "2024-10-10T08:32:19.305Z"}}, {"model": "analytics.orderitem", "pk": 6, "fields": {"order": 4, "product": 5, "quantity": 2, "price_at_time_of_order": "29.99", "created_at": "2024-10-10T08:32:19.309Z", "updated_at": "2024-10-10T08:32:19.309Z"}}, {"model": "analytics.orderitem", "pk": 7, "fields": {"order": 5, "product": 6, "quantity": 2, "price_at_time_of_order": "24.99", "created_at": "2024-10-10T08:33:56.269Z", "updated_at": "2024-10-10T08:33:56.269Z"}}, {"model": "analytics.orderitem", "pk": 8, "fields": {"order": 5, "product": 7, "quantity": 1, "price_at_time_of_order": "39.99", "created_at": "2024-10-10T08:33:56.273Z", "updated_at": "2024-10-10T08:33:56.273Z"}}, {"model": "analytics.orderitem", "pk": 9, "fields": {"order": 6, "product": 7, "quantity": 1, "price_at_time_of_order": "39.99", "created_at": "2024-10-10T08:33:56.277Z", "updated_at": "2024-10-10T08:33:56.277Z"}}, {"model": "analytics.orderitem", "pk": 10, "fields": {"order": 7, "product": 8, "quantity": 2, "price_at_time_of_order": "49.99", "created_at": "2024-10-10T08:34:21.472Z", "updated_at": "2024-10-10T08:34:21.472Z"}}, {"model": "analytics.orderitem", "pk": 11, "fields": {"order": 7, "product": 9, "quantity": 1, "price_at_time_of_order": "89.99", "created_at": "2024-10-10T08:34:21.476Z", "updated_at": "2024-10-10T08:34:21.476Z"}}, {"model": "analytics.orderitem", "pk": 12, "fields": {"order": 8, "product": 9, "quantity": 1, "price_at_time_of_order": "89.99", "created_at": "2024-10-10T08:34:21.479Z", "updated_at": "2024-10-10T08:34:21.480Z"}}, {"model": "analytics.orderitem", "pk": 13, "fields": {"order": 9, "product": 10, "quantity": 2, "price_at_time_of_order": "12.99", "created_at": "2024-10-10T08:34:47.260Z", "updated_at": "2024-10-10T08:34:47.260Z"}}, {"model": "analytics.orderitem", "pk": 14, "fields": {"order": 10, "product": 11, "quantity": 1, "price_at_time_of_order": "29.99", "created_at": "2024-10-10T08:34:47.264Z", "updated_at": "2024-10-10T08:34:47.264Z"}}, {"model": "analytics.inventory", "pk": 1, "fields": {"product": 1, "quantity": 49, "last_restocked_date": "2024-10-10", "created_at": "2024-10-10T08:27:26.547Z", "updated_at": "2024-10-10T08:27:26.562Z"}}, {"model": "analytics.inventory", "pk": 2, "fields": {"product": 2, "quantity": 1, "last_restocked_date": "2024-10-11", "created_at": "2024-10-10T08:27:26.549Z", "updated_at": "2024-10-11T04:40:01.657Z"}}, {"model": "analytics.inventory", "pk": 3, "fields": {"product": 3, "quantity": 98, "last_restocked_date": "2024-10-10", "created_at": "2024-10-10T08:27:26.550Z", "updated_at": "2024-10-10T08:27:26.569Z"}}, {"model": "analytics.inventory", "pk": 4, "fields": {"product": 4, "quantity": 29, "last_restocked_date": "2024-10-10", "created_at": "2024-10-10T08:32:19.290Z", "updated_at": "2024-10-10T08:32:19.303Z"}}, {"model": "analytics.inventory", "pk": 5, "fields": {"product": 5, "quantity": 47, "last_restocked_date": "2024-10-10", "created_at": "2024-10-10T08:32:19.292Z", "updated_at": "2024-10-10T08:32:19.311Z"}}, {"model": "analytics.inventory", "pk": 6, "fields": {"product": 6, "quantity": 98, "last_restocked_date": "2024-10-10", "created_at": "2024-10-10T08:33:56.258Z", "updated_at": "2024-10-10T08:33:56.271Z"}}, {"model": "analytics.inventory", "pk": 7, "fields": {"product": 7, "quantity": 3, "last_restocked_date": "2024-10-11", "created_at": "2024-10-10T08:33:56.259Z", "updated_at": "2024-10-11T04:39:41.012Z"}}, {"model": "analytics.inventory", "pk": 8, "fields": {"product": 8, "quantity": 58, "last_restocked_date": "2024-10-10", "created_at": "2024-10-10T08:34:21.460Z", "updated_at": "2024-10-10T08:34:21.474Z"}}, {"model": "analytics.inventory", "pk": 9, "fields": {"product": 9, "quantity": 38, "last_restocked_date": "2024-10-10", "created_at": "2024-10-10T08:34:21.462Z", "updated_at": "2024-10-10T08:34:21.481Z"}}, {"model": "analytics.inventory", "pk": 10, "fields": {"product": 10, "quantity": 198, "last_restocked_date": "2024-10-10", "created_at": "2024-10-10T08:34:47.250Z", "updated_at": "2024-10-10T08:34:47.262Z"}}, {"model": "analytics.inventory", "pk": 11, "fields": {"product": 11, "quantity": 99, "last_restocked_date": "2024-10-10", "created_at": "2024-10-10T08:34:47.252Z", "updated_at": "2024-10-10T08:34:47.266Z"}}, {"model": "analytics.tag", "pk": 1, "fields": {"name": "Sale", "created_at": "2024-10-10T08:27:26.532Z", "updated_at": "2024-10-10T08:27:26.532Z"}}, {"model": "analytics.tag", "pk": 2, "fields": {"name": "New Arrival", "created_at": "2024-10-10T08:27:26.535Z", "updated_at": "2024-10-10T08:27:26.535Z"}}, {"model": "analytics.tag", "pk": 3, "fields": {"name": "Discount", "created_at": "2024-10-10T08:32:19.277Z", "updated_at": "2024-10-10T08:32:19.277Z"}}, {"model": "analytics.tag", "pk": 4, "fields": {"name": "Featured", "created_at": "2024-10-10T08:32:19.280Z", "updated_at": "2024-10-10T08:32:19.280Z"}}, {"model": "analytics.tag", "pk": 5, "fields": {"name": "Bestseller", "created_at": "2024-10-10T08:33:56.245Z", "updated_at": "2024-10-10T08:33:56.245Z"}}, {"model": "analytics.tag", "pk": 6, "fields": {"name": "Exclusive", "created_at": "2024-10-10T08:33:56.247Z", "updated_at": "2024-10-10T08:33:56.247Z"}}, {"model": "analytics.tag", "pk": 7, "fields": {"name": "Trending", "created_at": "2024-10-10T08:34:21.448Z", "updated_at": "2024-10-10T08:34:21.448Z"}}, {"model": "analytics.tag", "pk": 8, "fields": {"name": "Seasonal", "created_at": "2024-10-10T08:34:21.450Z", "updated_at": "2024-10-10T08:34:21.450Z"}}, {"model": "analytics.tag", "pk": 9, "fields": {"name": "New Arrival", "created_at": "2024-10-10T08:34:47.238Z", "updated_at": "2024-10-10T08:34:47.238Z"}}, {"model": "analytics.tag", "pk": 10, "fields": {"name": "Clearance", "created_at": "2024-10-10T08:34:47.240Z", "updated_at": "2024-10-10T08:34:47.240Z"}}]